#tile_id_a,tile_id_b,dir_idx,val
0,0,0,1
0,0,1,1
0,0,2,1
0,0,3,1
0,0,4,1
0,0,5,1
0,1,0,1
0,1,2,1
0,1,4,1
0,1,5,1
0,2,2,1
0,2,4,1
0,2,5,1
0,3,0,1
0,3,2,1
0,3,4,1
0,3,5,1
0,4,2,1
0,4,4,1
0,4,5,1
0,5,2,1
0,5,4,1
0,5,5,1
0,6,2,1
0,6,4,1
0,6,5,1
0,7,2,1
0,7,4,1
0,7,5,1
0,8,2,1
0,8,4,1
0,8,5,1
0,9,2,1
0,9,4,1
0,9,5,1
0,10,2,1
0,10,4,1
0,10,5,1
0,11,2,1
0,11,4,1
0,11,5,1
0,12,2,1
0,12,4,1
0,12,5,1
0,13,2,1
0,13,4,1
0,13,5,1
0,14,2,1
0,14,4,1
0,14,5,1
0,15,2,1
0,15,4,1
0,15,5,1
0,16,0,1
0,16,1,1
0,16,2,1
0,16,4,1
0,16,5,1
0,17,0,1
0,17,2,1
0,17,4,1
0,17,5,1
0,18,4,1
0,18,5,1
0,19,4,1
0,19,5,1
0,20,4,1
0,20,5,1
0,21,2,1
0,21,4,1
0,21,5,1
0,22,2,1
0,22,4,1
0,22,5,1
0,23,4,1
0,23,5,1
0,24,4,1
0,24,5,1
0,25,4,1
0,25,5,1
0,26,4,1
0,26,5,1
0,27,4,1
0,27,5,1
0,28,4,1
0,28,5,1
0,29,1,1
0,29,2,1
0,29,4,1
0,29,5,1
0,30,0,1
0,30,2,1
0,30,4,1
0,30,5,1
0,31,0,1
0,31,4,1
0,31,5,1
0,32,4,1
0,32,5,1
0,33,0,1
0,33,4,1
0,33,5,1
0,34,4,1
0,34,5,1
0,35,2,1
0,35,4,1
0,35,5,1
0,36,4,1
0,36,5,1
0,37,4,1
0,37,5,1
0,38,0,1
0,38,4,1
0,38,5,1
0,39,4,1
0,39,5,1
0,40,0,1
0,40,1,1
0,40,4,1
0,40,5,1
0,41,0,1
0,41,2,1
0,41,4,1
0,41,5,1
0,42,0,1
0,42,2,1
0,42,4,1
0,42,5,1
0,43,0,1
0,43,4,1
0,43,5,1
0,44,0,1
0,44,4,1
0,44,5,1
0,45,4,1
0,45,5,1
0,46,4,1
0,46,5,1
0,47,4,1
0,47,5,1
0,48,4,1
0,48,5,1
0,49,4,1
0,49,5,1
0,50,0,1
0,50,4,1
0,50,5,1
0,51,1,1
0,51,4,1
0,51,5,1
0,52,0,1
0,52,2,1
0,52,4,1
0,52,5,1
0,53,0,1
0,53,4,1
0,53,5,1
0,54,0,1
0,54,4,1
0,54,5,1
0,55,2,1
0,55,4,1
0,55,5,1
0,56,4,1
0,56,5,1
0,57,4,1
0,57,5,1
0,58,2,1
0,58,4,1
0,58,5,1
0,59,2,1
0,59,4,1
0,59,5,1
0,60,2,1
0,60,4,1
0,60,5,1
0,61,4,1
0,61,5,1
0,62,4,1
0,62,5,1
0,63,1,1
0,63,4,1
0,63,5,1
0,64,0,1
0,64,4,1
0,64,5,1
0,65,0,1
0,65,4,1
0,65,5,1
0,66,4,1
0,66,5,1
0,67,4,1
0,67,5,1
0,68,4,1
0,68,5,1
0,69,4,1
0,69,5,1
0,70,4,1
0,70,5,1
0,71,4,1
0,71,5,1
0,72,4,1
0,72,5,1
0,73,4,1
0,73,5,1
0,74,4,1
0,74,5,1
0,75,0,1
0,75,1,1
0,75,4,1
0,75,5,1
0,76,0,1
0,76,4,1
0,76,5,1
0,77,0,1
0,77,4,1
0,77,5,1
0,78,4,1
0,78,5,1
0,79,4,1
0,79,5,1
0,80,4,1
0,80,5,1
0,81,4,1
0,81,5,1
0,82,4,1
0,82,5,1
0,83,4,1
0,83,5,1
0,84,0,1
0,84,4,1
0,84,5,1
0,85,4,1
0,85,5,1
0,86,4,1
0,86,5,1
0,87,4,1
0,87,5,1
0,88,4,1
0,88,5,1
0,89,4,1
0,89,5,1
0,90,4,1
0,90,5,1
0,91,4,1
0,91,5,1
0,92,2,1
0,92,4,1
0,92,5,1
0,93,2,1
0,93,4,1
0,93,5,1
0,94,4,1
0,94,5,1
0,95,0,1
0,95,4,1
0,95,5,1
0,96,4,1
0,96,5,1
0,97,4,1
0,97,5,1
0,98,4,1
0,98,5,1
0,99,4,1
0,99,5,1
0,100,4,1
0,100,5,1
0,101,4,1
0,101,5,1
0,102,0,1
0,102,4,1
0,102,5,1
0,103,0,1
0,103,4,1
0,103,5,1
0,104,4,1
0,104,5,1
0,105,4,1
0,105,5,1
0,106,4,1
0,106,5,1
0,107,4,1
0,107,5,1
0,108,4,1
0,108,5,1
0,109,4,1
0,109,5,1
0,110,2,1
0,110,4,1
0,110,5,1
0,111,2,1
0,111,4,1
0,111,5,1
0,112,2,1
0,112,4,1
0,112,5,1
0,113,2,1
0,113,4,1
0,113,5,1
0,114,4,1
0,114,5,1
0,115,4,1
0,115,5,1
0,116,4,1
0,116,5,1
0,117,4,1
0,117,5,1
0,118,4,1
0,118,5,1
0,119,0,1
0,119,4,1
0,119,5,1
0,120,4,1
0,120,5,1
0,121,4,1
0,121,5,1
0,122,4,1
0,122,5,1
0,123,4,1
0,123,5,1
0,124,2,1
0,124,4,1
0,124,5,1
0,125,4,1
0,125,5,1
0,126,4,1
0,126,5,1
0,127,0,1
0,127,4,1
0,127,5,1
0,128,1,1
0,128,4,1
0,128,5,1
0,129,0,1
0,129,4,1
0,129,5,1
0,130,4,1
0,130,5,1
0,131,4,1
0,131,5,1
0,132,4,1
0,132,5,1
0,133,4,1
0,133,5,1
0,134,4,1
0,134,5,1
0,135,0,1
0,135,4,1
0,135,5,1
0,136,4,1
0,136,5,1
0,137,1,1
0,137,4,1
0,137,5,1
0,138,4,1
0,138,5,1
0,139,4,1
0,139,5,1
0,140,4,1
0,140,5,1
0,141,1,1
0,141,4,1
0,141,5,1
0,142,2,1
0,142,4,1
0,142,5,1
0,143,2,1
0,143,4,1
0,143,5,1
0,144,4,1
0,144,5,1
0,145,4,1
0,145,5,1
0,146,0,1
0,146,3,1
0,146,4,1
0,146,5,1
0,147,2,1
0,147,3,1
0,147,4,1
0,147,5,1
0,148,3,1
0,148,4,1
0,148,5,1
0,149,3,1
0,149,4,1
0,149,5,1
0,150,3,1
0,150,4,1
0,150,5,1
0,151,3,1
0,151,4,1
0,151,5,1
0,152,2,1
0,152,3,1
0,152,4,1
0,152,5,1
0,153,3,1
0,153,4,1
0,153,5,1
0,154,3,1
0,154,4,1
0,154,5,1
0,155,3,1
0,155,4,1
0,155,5,1
0,156,3,1
0,156,4,1
0,156,5,1
0,157,2,1
0,157,3,1
0,157,4,1
0,157,5,1
0,158,1,1
0,158,2,1
0,158,3,1
0,158,4,1
0,158,5,1
1,0,1,1
1,0,3,1
1,0,4,1
1,0,5,1
1,1,2,1
1,1,3,1
1,2,0,1
1,15,1,1
1,17,2,1
1,30,1,1
1,31,3,1
1,41,3,1
1,42,2,1
1,145,1,1
2,0,3,1
2,0,4,1
2,0,5,1
2,1,1,1
2,3,0,1
2,18,2,1
2,40,0,1
2,42,3,1
2,43,2,1
2,53,0,1
2,64,0,1
3,0,1,1
3,0,3,1
3,0,4,1
3,0,5,1
3,2,1,1
3,4,0,1
3,19,2,1
3,39,1,1
3,52,1,1
3,65,2,1
3,83,2,1
3,103,2,1
3,120,2,1
4,0,3,1
4,0,4,1
4,0,5,1
4,3,1,1
4,5,0,1
4,6,0,1
4,12,0,1
4,20,2,1
4,22,3,1
4,23,0,1
4,25,0,1
4,36,0,1
4,47,0,1
4,55,0,1
4,61,0,1
4,66,2,1
4,67,0,1
4,95,2,1
4,98,0,1
4,100,1,1
4,104,0,1
4,108,0,1
4,124,0,1
4,146,2,1
5,0,3,1
5,0,4,1
5,0,5,1
5,4,1,1
5,5,0,1
5,5,1,1
5,5,2,1
5,5,3,1
5,6,0,1
5,6,3,1
5,11,1,1
5,12,0,1
5,21,2,1
5,22,1,1
5,22,2,1
5,23,0,1
5,25,0,1
5,35,1,1
5,36,0,1
5,46,1,1
5,46,3,1
5,47,0,1
5,47,3,1
5,55,0,1
5,55,2,1
5,60,1,1
5,61,0,1
5,66,1,1
5,67,0,1
5,72,1,1
5,72,3,1
5,78,1,1
5,92,2,1
5,93,2,1
5,95,1,1
5,98,0,1
5,104,0,1
5,108,0,1
5,113,1,1
5,113,2,1
5,114,3,1
5,115,3,1
5,124,0,1
5,124,2,1
5,132,1,1
5,147,2,1
6,0,3,1
6,0,4,1
6,0,5,1
6,4,1,1
6,5,1,1
6,5,2,1
6,7,0,1
6,11,1,1
6,21,2,1
6,22,1,1
6,22,2,1
6,35,1,1
6,46,1,1
6,55,2,1
6,60,1,1
6,66,1,1
6,72,1,1
6,78,1,1
6,92,2,1
6,93,2,1
6,95,1,1
6,108,3,1
6,113,1,1
6,113,2,1
6,124,2,1
6,132,1,1
6,147,2,1
7,0,3,1
7,0,4,1
7,0,5,1
7,6,1,1
7,8,0,1
7,23,2,1
7,56,2,1
7,108,2,1
7,109,3,1
7,148,2,1
8,0,3,1
8,0,4,1
8,0,5,1
8,7,1,1
8,9,0,1
8,10,0,1
8,24,2,1
8,57,2,1
8,58,0,1
8,70,0,1
8,109,2,1
8,110,3,1
8,111,0,1
8,121,0,1
8,142,0,1
8,149,2,1
9,0,3,1
9,0,4,1
9,0,5,1
9,8,1,1
9,9,0,1
9,9,1,1
9,9,2,1
9,9,3,1
9,10,0,1
9,24,1,1
9,57,1,1
9,58,0,1
9,58,2,1
9,69,1,1
9,70,0,1
9,97,1,1
9,97,3,1
9,110,1,1
9,110,2,1
9,111,0,1
9,121,0,1
9,121,3,1
9,142,0,1
9,142,2,1
10,0,3,1
10,0,4,1
10,0,5,1
10,8,1,1
10,9,1,1
10,10,2,1
10,10,3,1
10,11,0,1
10,24,1,1
10,57,1,1
10,59,2,1
10,69,1,1
10,70,3,1
10,97,1,1
10,110,1,1
10,111,2,1
10,131,3,1
10,143,2,1
11,0,3,1
11,0,4,1
11,0,5,1
11,5,0,1
11,6,0,1
11,10,1,1
11,11,2,1
11,11,3,1
11,12,0,1
11,23,0,1
11,25,0,1
11,36,0,1
11,47,0,1
11,55,0,1
11,60,2,1
11,61,0,1
11,67,0,1
11,71,3,1
11,98,0,1
11,104,0,1
11,108,0,1
11,112,2,1
11,124,0,1
11,132,3,1
11,143,1,1
11,152,2,1
12,0,3,1
12,0,4,1
12,0,5,1
12,4,1,1
12,5,1,1
12,11,1,1
12,13,0,1
12,22,1,1
12,25,2,1
12,35,1,1
12,46,1,1
12,60,1,1
12,66,1,1
12,72,1,1
12,78,1,1
12,95,1,1
12,104,2,1
12,113,1,1
12,125,2,1
12,132,1,1
12,133,2,1
13,0,3,1
13,0,4,1
13,0,5,1
13,12,1,1
13,14,0,1
13,26,2,1
14,0,3,1
14,0,4,1
14,0,5,1
14,13,1,1
14,15,0,1
14,27,2,1
15,0,3,1
15,0,4,1
15,0,5,1
15,1,0,1
15,14,1,1
15,16,0,1
15,17,0,1
15,17,3,1
15,28,2,1
15,30,0,1
15,30,3,1
15,31,0,1
15,41,0,1
15,145,3,1
16,0,0,1
16,0,1,1
16,0,3,1
16,0,4,1
16,0,5,1
16,15,1,1
16,16,2,1
16,16,3,1
16,29,2,1
16,30,1,1
16,141,3,1
16,145,1,1
16,158,2,1
17,0,1,1
17,0,3,1
17,0,4,1
17,0,5,1
17,1,3,1
17,15,1,1
17,15,2,1
17,18,0,1
17,30,1,1
17,30,2,1
17,31,3,1
17,41,2,1
17,41,3,1
17,145,1,1
17,157,2,1
18,0,4,1
18,0,5,1
18,2,3,1
18,17,1,1
18,19,0,1
18,31,2,1
18,32,3,1
19,0,4,1
19,0,5,1
19,3,3,1
19,18,1,1
19,20,0,1
19,32,2,1
19,53,3,1
19,76,3,1
19,94,3,1
19,103,3,1
20,0,4,1
20,0,5,1
20,4,3,1
20,19,1,1
20,21,0,1
20,33,2,1
20,54,3,1
20,84,3,1
20,95,3,1
21,0,3,1
21,0,4,1
21,0,5,1
21,5,3,1
21,6,3,1
21,20,1,1
21,22,0,1
21,34,2,1
21,46,3,1
21,47,3,1
21,72,3,1
21,114,3,1
21,115,3,1
22,0,3,1
22,0,4,1
22,0,5,1
22,4,2,1
22,5,0,1
22,5,3,1
22,6,0,1
22,6,3,1
22,12,0,1
22,21,1,1
22,23,0,1
22,25,0,1
22,35,2,1
22,36,0,1
22,46,3,1
22,47,0,1
22,47,3,1
22,55,0,1
22,61,0,1
22,67,0,1
22,72,3,1
22,93,1,1
22,98,0,1
22,104,0,1
22,108,0,1
22,114,3,1
22,115,3,1
22,124,0,1
23,0,4,1
23,0,5,1
23,4,1,1
23,5,1,1
23,7,3,1
23,11,1,1
23,22,1,1
23,23,2,1
23,23,3,1
23,24,0,1
23,35,1,1
23,46,1,1
23,56,2,1
23,60,1,1
23,66,1,1
23,67,3,1
23,72,1,1
23,78,1,1
23,95,1,1
23,108,2,1
23,113,1,1
23,132,1,1
23,148,2,1
24,0,4,1
24,0,5,1
24,8,3,1
24,9,0,1
24,10,0,1
24,23,1,1
24,24,2,1
24,24,3,1
24,57,2,1
24,58,0,1
24,70,0,1
24,96,3,1
24,109,2,1
24,111,0,1
24,121,0,1
24,142,0,1
24,149,2,1
25,0,4,1
25,0,5,1
25,4,1,1
25,5,1,1
25,11,1,1
25,12,3,1
25,22,1,1
25,26,0,1
25,35,1,1
25,36,2,1
25,46,1,1
25,60,1,1
25,61,2,1
25,66,1,1
25,72,1,1
25,78,1,1
25,95,1,1
25,98,3,1
25,113,1,1
25,116,3,1
25,117,2,1
25,124,3,1
25,132,1,1
25,138,0,1
25,153,2,1
26,0,4,1
26,0,5,1
26,13,3,1
26,25,1,1
26,27,0,1
26,37,2,1
26,39,0,1
26,62,2,1
26,63,0,1
26,73,2,1
26,94,0,1
26,101,2,1
26,118,2,1
26,144,2,1
27,0,4,1
27,0,5,1
27,14,3,1
27,26,1,1
27,28,0,1
27,38,1,1
27,38,2,1
27,107,1,1
27,127,2,1
28,0,4,1
28,0,5,1
28,15,3,1
28,27,1,1
28,29,0,1
28,39,2,1
29,0,0,1
29,0,3,1
29,0,4,1
29,0,5,1
29,16,3,1
29,28,1,1
29,40,2,1
29,141,3,1
30,0,1,1
30,0,3,1
30,0,4,1
30,0,5,1
30,1,0,1
30,15,1,1
30,15,2,1
30,16,0,1
30,17,0,1
30,17,3,1
30,30,0,1
30,30,1,1
30,30,2,1
30,30,3,1
30,31,0,1
30,41,0,1
30,41,2,1
30,145,1,1
30,145,3,1
30,157,2,1
31,0,1,1
31,0,4,1
31,0,5,1
31,1,2,1
31,15,1,1
31,17,2,1
31,18,3,1
31,30,1,1
31,32,0,1
31,42,2,1
31,145,1,1
32,0,4,1
32,0,5,1
32,18,2,1
32,19,3,1
32,31,1,1
32,33,0,1
32,38,0,1
32,43,2,1
32,44,0,1
32,50,0,1
32,65,0,1
32,75,0,1
32,76,0,1
32,102,0,1
32,103,0,1
32,119,0,1
32,127,0,1
32,129,0,1
32,135,0,1
33,0,1,1
33,0,4,1
33,0,5,1
33,20,3,1
33,32,1,1
33,34,0,1
33,37,1,1
33,43,1,1
33,44,2,1
33,49,1,1
33,62,1,1
33,64,1,1
33,74,1,1
33,82,1,1
33,102,1,1
33,126,1,1
33,134,1,1
34,0,4,1
34,0,5,1
34,21,3,1
34,33,1,1
34,35,0,1
34,45,2,1
35,0,3,1
35,0,4,1
35,0,5,1
35,5,0,1
35,6,0,1
35,12,0,1
35,22,3,1
35,23,0,1
35,25,0,1
35,34,1,1
35,36,0,1
35,46,2,1
35,47,0,1
35,55,0,1
35,61,0,1
35,67,0,1
35,78,2,1
35,98,0,1
35,104,0,1
35,108,0,1
35,116,2,1
35,124,0,1
36,0,4,1
36,0,5,1
36,4,1,1
36,5,1,1
36,11,1,1
36,22,1,1
36,25,3,1
36,35,1,1
36,37,0,1
36,46,1,1
36,47,2,1
36,48,3,1
36,60,1,1
36,61,3,1
36,66,1,1
36,72,1,1
36,73,0,1
36,78,1,1
36,81,3,1
36,95,1,1
36,113,1,1
36,132,1,1
37,0,4,1
37,0,5,1
37,26,3,1
37,33,0,1
37,36,1,1
37,38,0,1
37,44,0,1
37,48,2,1
37,49,3,1
37,50,0,1
37,62,3,1
37,65,0,1
37,75,0,1
37,76,0,1
37,82,3,1
37,102,0,1
37,103,0,1
37,107,3,1
37,119,0,1
37,127,0,1
37,129,0,1
37,135,0,1
37,138,3,1
38,0,1,1
38,0,4,1
38,0,5,1
38,27,0,1
38,27,3,1
38,32,1,1
38,37,1,1
38,39,0,1
38,43,1,1
38,49,1,1
38,49,2,1
38,50,2,1
38,50,3,1
38,62,1,1
38,63,0,1
38,64,1,1
38,74,1,1
38,74,2,1
38,76,2,1
38,82,1,1
38,94,0,1
38,102,1,1
38,102,2,1
38,118,3,1
38,119,2,1
38,126,1,1
38,134,1,1
38,135,2,1
39,0,4,1
39,0,5,1
39,3,0,1
39,26,1,1
39,28,3,1
39,38,1,1
39,40,0,1
39,49,2,1
39,50,2,1
39,53,0,1
39,64,0,1
39,74,2,1
39,76,2,1
39,102,2,1
39,107,1,1
39,119,2,1
39,135,2,1
40,0,0,1
40,0,1,1
40,0,4,1
40,0,5,1
40,2,1,1
40,29,3,1
40,39,1,1
40,51,2,1
40,52,1,1
40,75,2,1
41,0,1,1
41,0,3,1
41,0,4,1
41,0,5,1
41,1,2,1
41,15,1,1
41,17,2,1
41,17,3,1
41,30,1,1
41,30,3,1
41,42,0,1
41,42,2,1
41,145,1,1
41,145,3,1
42,0,1,1
42,0,3,1
42,0,4,1
42,0,5,1
42,1,3,1
42,2,2,1
42,31,3,1
42,41,1,1
42,41,3,1
42,43,0,1
42,52,0,1
42,52,2,1
43,0,1,1
43,0,4,1
43,0,5,1
43,2,3,1
43,32,3,1
43,33,0,1
43,38,0,1
43,42,1,1
43,44,0,1
43,50,0,1
43,53,2,1
43,64,2,1
43,65,0,1
43,75,0,1
43,76,0,1
43,102,0,1
43,103,0,1
43,119,0,1
43,127,0,1
43,129,0,1
43,135,0,1
44,0,1,1
44,0,4,1
44,0,5,1
44,32,1,1
44,33,3,1
44,37,1,1
44,43,1,1
44,45,0,1
44,49,1,1
44,54,2,1
44,62,1,1
44,64,1,1
44,74,1,1
44,77,2,1
44,82,1,1
44,102,1,1
44,126,1,1
44,134,1,1
45,0,4,1
45,0,5,1
45,34,3,1
45,44,1,1
45,46,0,1
45,46,2,1
45,78,2,1
45,116,0,1
45,116,2,1
46,0,4,1
46,0,5,1
46,5,0,1
46,5,2,1
46,6,0,1
46,12,0,1
46,21,2,1
46,22,2,1
46,23,0,1
46,25,0,1
46,35,3,1
46,36,0,1
46,45,1,1
46,45,3,1
46,47,0,1
46,54,1,1
46,55,0,1
46,55,2,1
46,61,0,1
46,66,3,1
46,67,0,1
46,92,2,1
46,93,2,1
46,98,0,1
46,104,0,1
46,108,0,1
46,113,2,1
46,115,1,1
46,124,0,1
46,124,2,1
46,130,1,1
46,130,3,1
46,147,2,1
47,0,4,1
47,0,5,1
47,4,1,1
47,5,1,1
47,5,2,1
47,11,1,1
47,21,2,1
47,22,1,1
47,22,2,1
47,35,1,1
47,36,3,1
47,46,1,1
47,48,0,1
47,55,2,1
47,60,1,1
47,66,1,1
47,72,1,1
47,78,1,1
47,81,0,1
47,92,2,1
47,93,2,1
47,95,1,1
47,104,3,1
47,113,1,1
47,113,2,1
47,114,0,1
47,124,2,1
47,132,1,1
47,147,2,1
48,0,4,1
48,0,5,1
48,36,2,1
48,37,3,1
48,47,1,1
48,49,0,1
48,61,2,1
48,117,2,1
48,153,2,1
49,0,4,1
49,0,5,1
49,33,0,1
49,37,2,1
49,38,0,1
49,38,3,1
49,39,3,1
49,44,0,1
49,48,1,1
49,50,0,1
49,62,2,1
49,64,3,1
49,65,0,1
49,73,2,1
49,75,0,1
49,76,0,1
49,101,2,1
49,102,0,1
49,102,3,1
49,103,0,1
49,118,2,1
49,119,0,1
49,126,3,1
49,127,0,1
49,129,0,1
49,135,0,1
49,144,2,1
50,0,1,1
50,0,4,1
50,0,5,1
50,32,1,1
50,37,1,1
50,38,2,1
50,38,3,1
50,39,3,1
50,43,1,1
50,49,1,1
50,51,0,1
50,62,1,1
50,64,1,1
50,64,3,1
50,74,1,1
50,82,1,1
50,83,0,1
50,102,1,1
50,102,3,1
50,126,1,1
50,126,3,1
50,127,2,1
50,134,1,1
51,0,0,1
51,0,4,1
51,0,5,1
51,40,3,1
51,50,1,1
51,63,2,1
51,63,3,1
51,75,3,1
51,101,1,1
51,118,1,1
51,128,2,1
52,0,1,1
52,0,3,1
52,0,4,1
52,0,5,1
52,3,0,1
52,40,0,1
52,42,1,1
52,42,3,1
52,53,0,1
52,53,2,1
52,64,0,1
52,64,2,1
53,0,1,1
53,0,4,1
53,0,5,1
53,2,1,1
53,19,2,1
53,39,1,1
53,43,3,1
53,52,1,1
53,52,3,1
53,54,0,1
53,65,2,1
53,77,0,1
53,83,2,1
53,103,2,1
53,120,2,1
54,0,1,1
54,0,4,1
54,0,5,1
54,20,2,1
54,44,3,1
54,46,0,1
54,53,1,1
54,65,3,1
54,66,2,1
54,76,1,1
54,95,2,1
54,116,0,1
54,129,3,1
54,146,2,1
55,0,3,1
55,0,4,1
55,0,5,1
55,4,1,1
55,5,1,1
55,5,3,1
55,6,3,1
55,11,1,1
55,22,1,1
55,35,1,1
55,46,1,1
55,46,3,1
55,47,3,1
55,56,0,1
55,60,1,1
55,66,1,1
55,67,2,1
55,72,1,1
55,72,3,1
55,78,1,1
55,86,0,1
55,86,2,1
55,95,1,1
55,113,1,1
55,114,3,1
55,115,3,1
55,132,1,1
56,0,4,1
56,0,5,1
56,7,3,1
56,23,3,1
56,55,1,1
56,57,0,1
56,67,3,1
56,68,2,1
56,79,0,1
56,85,1,1
56,87,2,1
56,96,2,1
57,0,4,1
57,0,5,1
57,8,3,1
57,9,0,1
57,10,0,1
57,24,3,1
57,56,1,1
57,58,0,1
57,69,2,1
57,70,0,1
57,88,2,1
57,96,3,1
57,97,2,1
57,111,0,1
57,121,0,1
57,142,0,1
58,0,3,1
58,0,4,1
58,0,5,1
58,8,1,1
58,9,1,1
58,9,3,1
58,24,1,1
58,57,1,1
58,59,0,1
58,69,1,1
58,70,2,1
58,89,0,1
58,89,2,1
58,97,1,1
58,97,3,1
58,110,1,1
58,121,3,1
59,0,3,1
59,0,4,1
59,0,5,1
59,10,3,1
59,58,1,1
59,60,0,1
59,70,3,1
59,71,2,1
59,80,1,1
59,88,1,1
59,90,2,1
59,131,3,1
60,0,3,1
60,0,4,1
60,0,5,1
60,5,0,1
60,6,0,1
60,11,3,1
60,12,0,1
60,23,0,1
60,25,0,1
60,36,0,1
60,47,0,1
60,55,0,1
60,59,1,1
60,61,0,1
60,67,0,1
60,71,3,1
60,72,2,1
60,91,2,1
60,98,0,1
60,104,0,1
60,108,0,1
60,124,0,1
60,132,3,1
61,0,4,1
61,0,5,1
61,4,1,1
61,5,1,1
61,11,1,1
61,22,1,1
61,25,3,1
61,35,1,1
61,36,2,1
61,46,1,1
61,48,3,1
61,60,1,1
61,61,2,1
61,61,3,1
61,62,0,1
61,66,1,1
61,72,1,1
61,78,1,1
61,81,3,1
61,95,1,1
61,101,0,1
61,107,0,1
61,113,1,1
61,117,2,1
61,132,1,1
61,144,0,1
61,153,2,1
62,0,4,1
62,0,5,1
62,26,3,1
62,33,0,1
62,37,2,1
62,38,0,1
62,44,0,1
62,49,3,1
62,50,0,1
62,61,1,1
62,62,2,1
62,62,3,1
62,65,0,1
62,73,2,1
62,75,0,1
62,76,0,1
62,82,3,1
62,101,2,1
62,102,0,1
62,103,0,1
62,107,3,1
62,118,2,1
62,119,0,1
62,127,0,1
62,129,0,1
62,135,0,1
62,138,3,1
62,144,2,1
63,0,0,1
63,0,4,1
63,0,5,1
63,26,1,1
63,38,1,1
63,51,2,1
63,51,3,1
63,75,2,1
63,107,1,1
64,0,1,1
64,0,4,1
64,0,5,1
64,2,1,1
64,33,0,1
64,38,0,1
64,39,1,1
64,43,3,1
64,44,0,1
64,49,2,1
64,50,0,1
64,50,2,1
64,52,1,1
64,52,3,1
64,65,0,1
64,74,2,1
64,75,0,1
64,76,0,1
64,76,2,1
64,102,0,1
64,102,2,1
64,103,0,1
64,119,0,1
64,119,2,1
64,127,0,1
64,129,0,1
64,135,0,1
64,135,2,1
65,0,1,1
65,0,4,1
65,0,5,1
65,3,3,1
65,32,1,1
65,37,1,1
65,43,1,1
65,49,1,1
65,53,3,1
65,54,2,1
65,62,1,1
65,64,1,1
65,66,0,1
65,74,1,1
65,76,3,1
65,77,2,1
65,82,1,1
65,94,3,1
65,102,1,1
65,103,3,1
65,126,1,1
65,134,1,1
66,0,4,1
66,0,5,1
66,4,3,1
66,5,0,1
66,6,0,1
66,12,0,1
66,23,0,1
66,25,0,1
66,36,0,1
66,46,2,1
66,47,0,1
66,54,3,1
66,55,0,1
66,61,0,1
66,65,1,1
66,67,0,1
66,78,2,1
66,84,3,1
66,95,3,1
66,98,0,1
66,104,0,1
66,106,1,1
66,108,0,1
66,116,2,1
66,120,1,1
66,124,0,1
67,0,4,1
67,0,5,1
67,4,1,1
67,5,1,1
67,11,1,1
67,22,1,1
67,23,2,1
67,35,1,1
67,46,1,1
67,55,3,1
67,56,2,1
67,60,1,1
67,66,1,1
67,68,0,1
67,72,1,1
67,78,1,1
67,85,3,1
67,95,1,1
67,96,0,1
67,108,2,1
67,113,1,1
67,132,1,1
67,148,2,1
68,0,4,1
68,0,5,1
68,56,3,1
68,67,1,1
68,69,0,1
68,79,2,1
68,86,3,1
69,0,4,1
69,0,5,1
69,9,0,1
69,10,0,1
69,57,3,1
69,58,0,1
69,68,1,1
69,70,0,1
69,79,3,1
69,80,2,1
69,87,3,1
69,111,0,1
69,121,0,1
69,142,0,1
70,0,4,1
70,0,5,1
70,8,1,1
70,9,1,1
70,10,2,1
70,24,1,1
70,57,1,1
70,58,3,1
70,59,2,1
70,69,1,1
70,71,0,1
70,80,3,1
70,88,3,1
70,97,1,1
70,110,1,1
70,111,2,1
70,143,2,1
71,0,4,1
71,0,5,1
71,11,2,1
71,59,3,1
71,60,2,1
71,70,1,1
71,72,0,1
71,89,3,1
71,91,0,1
71,112,2,1
71,152,2,1
72,0,4,1
72,0,5,1
72,5,0,1
72,5,2,1
72,6,0,1
72,12,0,1
72,21,2,1
72,22,2,1
72,23,0,1
72,25,0,1
72,36,0,1
72,47,0,1
72,55,0,1
72,55,2,1
72,60,3,1
72,61,0,1
72,67,0,1
72,71,1,1
72,90,1,1
72,90,3,1
72,92,2,1
72,93,2,1
72,98,0,1
72,104,0,1
72,108,0,1
72,113,2,1
72,124,0,1
72,124,2,1
72,147,2,1
73,0,4,1
73,0,5,1
73,26,3,1
73,36,1,1
73,49,3,1
73,62,3,1
73,74,0,1
73,81,2,1
73,82,3,1
73,107,3,1
73,120,0,1
73,138,3,1
74,0,4,1
74,0,5,1
74,33,0,1
74,38,0,1
74,38,3,1
74,39,3,1
74,44,0,1
74,50,0,1
74,64,3,1
74,65,0,1
74,73,1,1
74,75,0,1
74,76,0,1
74,82,2,1
74,102,0,1
74,102,3,1
74,103,0,1
74,119,0,1
74,119,1,1
74,126,3,1
74,127,0,1
74,129,0,1
74,135,0,1
75,0,0,1
75,0,1,1
75,0,4,1
75,0,5,1
75,32,1,1
75,37,1,1
75,40,3,1
75,43,1,1
75,49,1,1
75,51,2,1
75,62,1,1
75,63,3,1
75,64,1,1
75,74,1,1
75,75,2,1
75,75,3,1
75,82,1,1
75,102,1,1
75,126,1,1
75,134,1,1
76,0,1,1
76,0,4,1
76,0,5,1
76,19,2,1
76,32,1,1
76,37,1,1
76,38,3,1
76,39,3,1
76,43,1,1
76,49,1,1
76,54,0,1
76,62,1,1
76,64,1,1
76,64,3,1
76,65,2,1
76,74,1,1
76,77,0,1
76,82,1,1
76,83,2,1
76,102,1,1
76,102,3,1
76,103,2,1
76,120,2,1
76,126,1,1
76,126,3,1
76,134,1,1
77,0,1,1
77,0,4,1
77,0,5,1
77,44,3,1
77,53,1,1
77,65,3,1
77,76,1,1
77,78,0,1
77,84,2,1
77,129,3,1
78,0,4,1
78,0,5,1
78,5,0,1
78,6,0,1
78,12,0,1
78,23,0,1
78,25,0,1
78,35,3,1
78,36,0,1
78,45,3,1
78,47,0,1
78,55,0,1
78,61,0,1
78,66,3,1
78,67,0,1
78,77,1,1
78,85,2,1
78,98,0,1
78,104,0,1
78,108,0,1
78,124,0,1
78,130,3,1
79,0,4,1
79,0,5,1
79,56,1,1
79,68,3,1
79,69,2,1
79,80,0,1
79,88,2,1
79,97,2,1
80,0,4,1
80,0,5,1
80,59,0,1
80,69,3,1
80,70,2,1
80,79,1,1
80,89,0,1
80,89,2,1
81,0,4,1
81,0,5,1
81,36,2,1
81,47,1,1
81,61,2,1
81,73,3,1
81,82,0,1
81,117,2,1
81,153,2,1
82,0,4,1
82,0,5,1
82,33,0,1
82,37,2,1
82,38,0,1
82,44,0,1
82,50,0,1
82,62,2,1
82,65,0,1
82,73,2,1
82,74,3,1
82,75,0,1
82,76,0,1
82,81,1,1
82,101,2,1
82,102,0,1
82,103,0,1
82,118,2,1
82,119,0,1
82,127,0,1
82,129,0,1
82,135,0,1
82,144,2,1
83,0,4,1
83,0,5,1
83,3,3,1
83,50,1,1
83,53,3,1
83,76,3,1
83,84,0,1
83,94,2,1
83,94,3,1
83,95,0,1
83,101,1,1
83,103,3,1
83,118,1,1
84,0,1,1
84,0,4,1
84,0,5,1
84,20,2,1
84,66,2,1
84,77,3,1
84,83,1,1
84,85,0,1
84,94,1,1
84,95,2,1
84,103,1,1
84,146,2,1
85,0,4,1
85,0,5,1
85,56,0,1
85,67,2,1
85,78,3,1
85,84,1,1
85,86,0,1
85,86,2,1
86,0,4,1
86,0,5,1
86,55,1,1
86,55,3,1
86,68,2,1
86,85,1,1
86,85,3,1
86,87,0,1
86,87,2,1
86,96,2,1
87,0,4,1
87,0,5,1
87,56,3,1
87,69,2,1
87,86,1,1
87,86,3,1
87,88,0,1
87,88,2,1
87,97,0,1
87,97,2,1
88,0,4,1
88,0,5,1
88,57,3,1
88,59,0,1
88,70,2,1
88,79,3,1
88,87,1,1
88,87,3,1
88,89,0,1
88,89,2,1
88,96,1,1
89,0,4,1
89,0,5,1
89,58,1,1
89,58,3,1
89,71,2,1
89,80,1,1
89,80,3,1
89,88,1,1
89,88,3,1
89,90,0,1
89,90,2,1
90,0,4,1
90,0,5,1
90,59,3,1
90,72,0,1
90,72,2,1
90,89,1,1
90,89,3,1
90,91,0,1
90,91,2,1
91,0,4,1
91,0,5,1
91,60,3,1
91,71,1,1
91,90,1,1
91,90,3,1
91,92,0,1
91,98,2,1
92,0,3,1
92,0,4,1
92,0,5,1
92,5,3,1
92,6,3,1
92,46,3,1
92,47,3,1
92,72,3,1
92,91,1,1
92,93,0,1
92,99,2,1
92,114,3,1
92,115,3,1
92,117,0,1
92,125,0,1
92,133,0,1
93,0,3,1
93,0,4,1
93,0,5,1
93,5,3,1
93,6,3,1
93,22,0,1
93,46,3,1
93,47,3,1
93,72,3,1
93,92,1,1
93,100,2,1
93,114,3,1
93,115,3,1
93,116,1,1
93,124,1,1
94,0,4,1
94,0,5,1
94,19,2,1
94,26,1,1
94,38,1,1
94,65,2,1
94,83,2,1
94,83,3,1
94,84,0,1
94,95,0,1
94,103,2,1
94,107,1,1
94,120,2,1
95,0,1,1
95,0,4,1
95,0,5,1
95,4,3,1
95,5,0,1
95,6,0,1
95,12,0,1
95,20,2,1
95,23,0,1
95,25,0,1
95,36,0,1
95,47,0,1
95,54,3,1
95,55,0,1
95,61,0,1
95,66,2,1
95,67,0,1
95,83,1,1
95,84,3,1
95,94,1,1
95,95,2,1
95,95,3,1
95,98,0,1
95,103,1,1
95,104,0,1
95,108,0,1
95,124,0,1
95,146,2,1
96,0,4,1
96,0,5,1
96,24,2,1
96,56,3,1
96,57,2,1
96,67,1,1
96,86,3,1
96,88,0,1
96,97,0,1
96,109,2,1
96,149,2,1
97,0,4,1
97,0,5,1
97,9,0,1
97,9,2,1
97,10,0,1
97,57,3,1
97,58,0,1
97,58,2,1
97,70,0,1
97,79,3,1
97,87,1,1
97,87,3,1
97,96,1,1
97,110,2,1
97,111,0,1
97,121,0,1
97,142,0,1
97,142,2,1
98,0,4,1
98,0,5,1
98,4,1,1
98,5,1,1
98,11,1,1
98,22,1,1
98,25,2,1
98,35,1,1
98,46,1,1
98,60,1,1
98,66,1,1
98,72,1,1
98,78,1,1
98,91,3,1
98,95,1,1
98,99,0,1
98,104,2,1
98,113,1,1
98,125,2,1
98,132,1,1
98,133,2,1
99,0,4,1
99,0,5,1
99,92,3,1
99,98,1,1
99,100,0,1
99,105,2,1
100,0,4,1
100,0,5,1
100,4,0,1
100,93,3,1
100,99,1,1
100,106,2,1
101,0,4,1
101,0,5,1
101,26,3,1
101,49,3,1
101,51,0,1
101,61,1,1
101,62,3,1
101,82,3,1
101,83,0,1
101,107,2,1
101,107,3,1
101,138,3,1
102,0,1,1
102,0,4,1
102,0,5,1
102,32,1,1
102,33,0,1
102,37,1,1
102,38,0,1
102,38,3,1
102,39,3,1
102,43,1,1
102,44,0,1
102,49,1,1
102,49,2,1
102,50,0,1
102,50,2,1
102,62,1,1
102,64,1,1
102,64,3,1
102,65,0,1
102,74,1,1
102,74,2,1
102,75,0,1
102,76,0,1
102,76,2,1
102,82,1,1
102,102,0,1
102,102,1,1
102,102,2,1
102,102,3,1
102,103,0,1
102,119,0,1
102,119,2,1
102,126,1,1
102,126,3,1
102,127,0,1
102,129,0,1
102,134,1,1
102,135,0,1
102,135,2,1
103,0,1,1
103,0,4,1
103,0,5,1
103,3,3,1
103,19,2,1
103,32,1,1
103,37,1,1
103,43,1,1
103,49,1,1
103,53,3,1
103,62,1,1
103,64,1,1
103,65,2,1
103,74,1,1
103,76,3,1
103,82,1,1
103,83,2,1
103,84,0,1
103,94,3,1
103,95,0,1
103,102,1,1
103,103,2,1
103,103,3,1
103,120,2,1
103,126,1,1
103,134,1,1
104,0,4,1
104,0,5,1
104,4,1,1
104,5,1,1
104,11,1,1
104,12,3,1
104,22,1,1
104,35,1,1
104,46,1,1
104,47,2,1
104,60,1,1
104,66,1,1
104,72,1,1
104,78,1,1
104,95,1,1
104,98,3,1
104,105,0,1
104,113,1,1
104,116,3,1
104,124,3,1
104,132,1,1
105,0,4,1
105,0,5,1
105,99,3,1
105,104,1,1
105,106,0,1
105,114,2,1
106,0,4,1
106,0,5,1
106,66,0,1
106,100,3,1
106,105,1,1
106,115,2,1
107,0,4,1
107,0,5,1
107,27,0,1
107,37,2,1
107,39,0,1
107,61,1,1
107,62,2,1
107,63,0,1
107,73,2,1
107,94,0,1
107,101,2,1
107,101,3,1
107,118,2,1
107,144,2,1
108,0,4,1
108,0,5,1
108,4,1,1
108,5,1,1
108,6,2,1
108,7,3,1
108,11,1,1
108,22,1,1
108,23,3,1
108,35,1,1
108,46,1,1
108,60,1,1
108,66,1,1
108,67,3,1
108,72,1,1
108,78,1,1
108,95,1,1
108,109,0,1
108,113,1,1
108,132,1,1
109,0,4,1
109,0,5,1
109,7,2,1
109,8,3,1
109,24,3,1
109,96,3,1
109,108,1,1
109,110,0,1
110,0,3,1
110,0,4,1
110,0,5,1
110,8,2,1
110,9,0,1
110,9,3,1
110,10,0,1
110,58,0,1
110,70,0,1
110,97,3,1
110,109,1,1
110,111,0,1
110,121,0,1
110,121,3,1
110,142,0,1
111,0,3,1
111,0,4,1
111,0,5,1
111,8,1,1
111,9,1,1
111,10,3,1
111,24,1,1
111,57,1,1
111,69,1,1
111,70,3,1
111,97,1,1
111,110,1,1
111,112,0,1
111,121,2,1
111,131,3,1
112,0,3,1
112,0,4,1
112,0,5,1
112,11,3,1
112,71,3,1
112,111,1,1
112,113,0,1
112,122,2,1
112,131,2,1
112,132,3,1
113,0,3,1
113,0,4,1
113,0,5,1
113,5,0,1
113,5,3,1
113,6,0,1
113,6,3,1
113,12,0,1
113,23,0,1
113,25,0,1
113,36,0,1
113,46,3,1
113,47,0,1
113,47,3,1
113,55,0,1
113,61,0,1
113,67,0,1
113,72,3,1
113,98,0,1
113,104,0,1
113,108,0,1
113,112,1,1
113,114,3,1
113,115,3,1
113,123,1,1
113,123,2,1
113,124,0,1
113,132,2,1
114,0,4,1
114,0,5,1
114,5,2,1
114,21,2,1
114,22,2,1
114,47,1,1
114,55,2,1
114,92,2,1
114,93,2,1
114,105,3,1
114,113,2,1
114,115,0,1
114,124,2,1
114,147,2,1
115,0,4,1
115,0,5,1
115,5,2,1
115,21,2,1
115,22,2,1
115,46,0,1
115,55,2,1
115,92,2,1
115,93,2,1
115,106,3,1
115,113,2,1
115,114,1,1
115,116,0,1
115,124,2,1
115,147,2,1
116,0,4,1
116,0,5,1
116,25,2,1
116,35,3,1
116,45,1,1
116,45,3,1
116,54,1,1
116,66,3,1
116,93,0,1
116,104,2,1
116,115,1,1
116,117,0,1
116,125,0,1
116,125,2,1
116,130,1,1
116,130,3,1
116,133,0,1
116,133,2,1
117,0,4,1
117,0,5,1
117,25,3,1
117,48,3,1
117,61,3,1
117,81,3,1
117,92,1,1
117,116,1,1
117,118,0,1
117,124,1,1
117,126,2,1
117,134,2,1
118,0,4,1
118,0,5,1
118,26,3,1
118,38,2,1
118,49,3,1
118,51,0,1
118,62,3,1
118,82,3,1
118,83,0,1
118,107,3,1
118,117,1,1
118,127,2,1
118,138,3,1
119,0,1,1
119,0,4,1
119,0,5,1
119,32,1,1
119,37,1,1
119,38,3,1
119,39,3,1
119,43,1,1
119,49,1,1
119,62,1,1
119,64,1,1
119,64,3,1
119,74,0,1
119,74,1,1
119,82,1,1
119,102,1,1
119,102,3,1
119,120,0,1
119,126,1,1
119,126,3,1
119,129,2,1
119,134,1,1
120,0,4,1
120,0,5,1
120,3,3,1
120,53,3,1
120,66,0,1
120,73,1,1
120,76,3,1
120,94,3,1
120,103,3,1
120,119,1,1
120,130,2,1
121,0,4,1
121,0,5,1
121,8,1,1
121,9,1,1
121,9,2,1
121,24,1,1
121,57,1,1
121,58,2,1
121,69,1,1
121,97,1,1
121,110,1,1
121,110,2,1
121,111,3,1
121,122,0,1
121,122,3,1
121,131,0,1
121,142,2,1
122,0,4,1
122,0,5,1
122,112,3,1
122,121,1,1
122,121,2,1
122,123,0,1
122,123,3,1
123,0,4,1
123,0,5,1
123,113,0,1
123,113,3,1
123,122,1,1
123,122,2,1
123,131,2,1
124,0,3,1
124,0,4,1
124,0,5,1
124,4,1,1
124,5,1,1
124,5,3,1
124,6,3,1
124,11,1,1
124,22,1,1
124,25,2,1
124,35,1,1
124,46,1,1
124,46,3,1
124,47,3,1
124,60,1,1
124,66,1,1
124,72,1,1
124,72,3,1
124,78,1,1
124,93,0,1
124,95,1,1
124,104,2,1
124,113,1,1
124,114,3,1
124,115,3,1
124,117,0,1
124,125,0,1
124,125,2,1
124,132,1,1
124,133,0,1
124,133,2,1
125,0,4,1
125,0,5,1
125,12,3,1
125,92,1,1
125,98,3,1
125,116,1,1
125,116,3,1
125,124,1,1
125,124,3,1
125,126,0,1
125,126,2,1
125,134,2,1
126,0,4,1
126,0,5,1
126,33,0,1
126,38,0,1
126,44,0,1
126,49,2,1
126,50,0,1
126,50,2,1
126,65,0,1
126,74,2,1
126,75,0,1
126,76,0,1
126,76,2,1
126,102,0,1
126,102,2,1
126,103,0,1
126,117,3,1
126,119,0,1
126,119,2,1
126,125,1,1
126,125,3,1
126,127,0,1
126,129,0,1
126,135,0,1
126,135,2,1
127,0,1,1
127,0,4,1
127,0,5,1
127,27,3,1
127,32,1,1
127,37,1,1
127,43,1,1
127,49,1,1
127,50,3,1
127,62,1,1
127,64,1,1
127,74,1,1
127,82,1,1
127,102,1,1
127,118,3,1
127,126,1,1
127,128,0,1
127,134,1,1
127,136,2,1
128,0,0,1
128,0,4,1
128,0,5,1
128,51,3,1
128,127,1,1
128,137,2,1
129,0,1,1
129,0,4,1
129,0,5,1
129,32,1,1
129,37,1,1
129,43,1,1
129,49,1,1
129,54,2,1
129,62,1,1
129,64,1,1
129,74,1,1
129,77,2,1
129,82,1,1
129,102,1,1
129,119,3,1
129,126,1,1
129,130,0,1
129,134,1,1
130,0,4,1
130,0,5,1
130,46,0,1
130,46,2,1
130,78,2,1
130,116,0,1
130,116,2,1
130,120,3,1
130,129,1,1
131,0,4,1
131,0,5,1
131,10,2,1
131,59,2,1
131,111,2,1
131,112,3,1
131,121,1,1
131,123,3,1
131,132,0,1
131,143,2,1
132,0,4,1
132,0,5,1
132,5,0,1
132,6,0,1
132,11,2,1
132,12,0,1
132,23,0,1
132,25,0,1
132,36,0,1
132,47,0,1
132,55,0,1
132,60,2,1
132,61,0,1
132,67,0,1
132,98,0,1
132,104,0,1
132,108,0,1
132,112,2,1
132,113,3,1
132,124,0,1
132,131,1,1
132,152,2,1
133,0,4,1
133,0,5,1
133,12,3,1
133,92,1,1
133,98,3,1
133,116,1,1
133,116,3,1
133,124,1,1
133,124,3,1
133,134,0,1
133,138,2,1
134,0,4,1
134,0,5,1
134,33,0,1
134,38,0,1
134,44,0,1
134,50,0,1
134,65,0,1
134,75,0,1
134,76,0,1
134,102,0,1
134,103,0,1
134,117,3,1
134,119,0,1
134,125,3,1
134,127,0,1
134,129,0,1
134,133,1,1
134,135,0,1
134,139,2,1
135,0,1,1
135,0,4,1
135,0,5,1
135,32,1,1
135,37,1,1
135,38,3,1
135,39,3,1
135,43,1,1
135,49,1,1
135,62,1,1
135,64,1,1
135,64,3,1
135,74,1,1
135,82,1,1
135,102,1,1
135,102,3,1
135,126,1,1
135,126,3,1
135,134,1,1
135,136,0,1
135,136,2,1
136,0,4,1
136,0,5,1
136,127,3,1
136,135,1,1
136,135,3,1
136,137,0,1
136,139,1,1
136,139,3,1
136,140,0,1
136,140,2,1
136,144,1,1
136,155,2,1
137,0,0,1
137,0,4,1
137,0,5,1
137,128,3,1
137,136,1,1
137,141,2,1
138,0,4,1
138,0,5,1
138,25,1,1
138,37,2,1
138,62,2,1
138,73,2,1
138,101,2,1
138,118,2,1
138,133,3,1
138,139,0,1
138,144,2,1
139,0,4,1
139,0,5,1
139,134,3,1
139,136,0,1
139,136,2,1
139,138,1,1
140,0,4,1
140,0,5,1
140,136,1,1
140,136,3,1
140,141,0,1
140,145,0,1
140,145,2,1
140,156,2,1
141,0,0,1
141,0,4,1
141,0,5,1
141,16,2,1
141,29,2,1
141,137,3,1
141,140,1,1
141,158,2,1
142,0,3,1
142,0,4,1
142,0,5,1
142,8,1,1
142,9,1,1
142,9,3,1
142,24,1,1
142,57,1,1
142,69,1,1
142,97,1,1
142,97,3,1
142,110,1,1
142,121,3,1
142,143,0,1
142,150,2,1
143,0,3,1
143,0,4,1
143,0,5,1
143,10,3,1
143,11,0,1
143,70,3,1
143,131,3,1
143,142,1,1
143,151,2,1
144,0,4,1
144,0,5,1
144,26,3,1
144,49,3,1
144,61,1,1
144,62,3,1
144,82,3,1
144,107,3,1
144,136,0,1
144,138,3,1
144,154,2,1
145,0,4,1
145,0,5,1
145,1,0,1
145,15,2,1
145,16,0,1
145,17,0,1
145,30,0,1
145,30,2,1
145,31,0,1
145,41,0,1
145,41,2,1
145,140,1,1
145,140,3,1
145,157,2,1
146,0,1,1
146,0,2,1
146,0,4,1
146,0,5,1
146,4,3,1
146,54,3,1
146,84,3,1
146,95,3,1
146,147,0,1
146,148,0,1
146,153,0,1
147,0,2,1
147,0,3,1
147,0,4,1
147,0,5,1
147,5,3,1
147,6,3,1
147,46,3,1
147,47,3,1
147,72,3,1
147,114,3,1
147,115,3,1
147,146,1,1
147,147,0,1
147,147,1,1
147,148,0,1
147,152,1,1
147,153,0,1
148,0,2,1
148,0,4,1
148,0,5,1
148,7,3,1
148,23,3,1
148,67,3,1
148,146,1,1
148,147,1,1
148,149,0,1
148,152,1,1
149,0,2,1
149,0,4,1
149,0,5,1
149,8,3,1
149,24,3,1
149,96,3,1
149,148,1,1
149,150,0,1
150,0,2,1
150,0,4,1
150,0,5,1
150,142,3,1
150,149,1,1
150,151,0,1
151,0,2,1
151,0,4,1
151,0,5,1
151,143,3,1
151,150,1,1
151,152,0,1
152,0,2,1
152,0,3,1
152,0,4,1
152,0,5,1
152,11,3,1
152,71,3,1
152,132,3,1
152,147,0,1
152,148,0,1
152,151,1,1
152,153,0,1
153,0,2,1
153,0,4,1
153,0,5,1
153,25,3,1
153,48,3,1
153,61,3,1
153,81,3,1
153,146,1,1
153,147,1,1
153,152,1,1
153,154,0,1
154,0,2,1
154,0,4,1
154,0,5,1
154,144,3,1
154,153,1,1
154,155,0,1
155,0,2,1
155,0,4,1
155,0,5,1
155,136,3,1
155,154,1,1
155,156,0,1
156,0,2,1
156,0,4,1
156,0,5,1
156,140,3,1
156,155,1,1
156,157,0,1
156,158,0,1
157,0,2,1
157,0,3,1
157,0,4,1
157,0,5,1
157,17,3,1
157,30,3,1
157,145,3,1
157,156,1,1
157,157,0,1
157,157,1,1
157,158,0,1
158,0,0,1
158,0,2,1
158,0,3,1
158,0,4,1
158,0,5,1
158,16,3,1
158,141,3,1
158,156,1,1
158,157,1,1
